Temp,m2,m18,m26,m27,m28,m29,m31,m39,m41,m44,m45,m56,m57,m70
1.768480999999999881e+02,1.264518349936489816e+00,0.000000000000000000e+00,8.811209690547179563e-02,8.093852291809888744e-02,3.912826531129743213e+00,-1.385301653570912839e-01,0.000000000000000000e+00,0.000000000000000000e+00,0.000000000000000000e+00,8.888665072588959326e-01,3.977564096406486366e-03,1.104064086299082204e-02,-8.673617379884035472e-19,-2.169253981674807916e-02
1.768944999999999936e+02,1.264553503674090473e+00,0.000000000000000000e+00,8.817849302380344201e-02,8.093041022360561443e-02,3.912370828825227687e+00,-1.373578711433922073e-01,0.000000000000000000e+00,0.000000000000000000e+00,0.000000000000000000e+00,8.882213308429079968e-01,4.068497847642658233e-03,1.101471380112950538e-02,0.000000000000000000e+00,-2.171862926504453117e-02
1.768788000000000125e+02,1.264541608982704179e+00,0.000000000000000000e+00,8.815602709583358898e-02,8.093315525169927915e-02,3.912525021199816155e+00,-1.377545310389751698e-01,0.000000000000000000e+00,0.000000000000000000e+00,0.000000000000000000e+00,8.884396340698704764e-01,4.037729315435625854e-03,1.102348653542307988e-02,0.000000000000000000e+00,-2.170980158534077317e-02
1.767940999999999860e+02,1.264477438259109743e+00,0.000000000000000000e+00,8.803482556086156263e-02,8.094796441600039805e-02,3.913356874328964619e+00,-1.398944732782101963e-01,0.000000000000000000e+00,0.000000000000000000e+00,0.000000000000000000e+00,8.896173591223284216e-01,3.871736023847233837e-03,1.107081459877769236e-02,0.000000000000000000e+00,-2.166217709674789910e-02
1.767974000000000103e+02,1.264479938417172100e+00,0.000000000000000000e+00,8.803954769858751694e-02,8.094738743557305938e-02,3.913324464466789721e+00,-1.398110989052513686e-01,0.000000000000000000e+00,0.000000000000000000e+00,0.000000000000000000e+00,8.895714737306741338e-01,3.878203294948121688e-03,1.106897064825736188e-02,8.673617379884035472e-19,-2.166403259630348549e-02
1.768505000000000109e+02,1.264520168233262298e+00,0.000000000000000000e+00,8.811553118745449331e-02,8.093810329597002362e-02,3.912802960320890033e+00,-1.384695294494854290e-01,0.000000000000000000e+00,0.000000000000000000e+00,0.000000000000000000e+00,8.888331360649652790e-01,3.982267566298085953e-03,1.103929980806694910e-02,0.000000000000000000e+00,-2.169388927097031308e-02
1.769009000000000071e+02,1.264558352465483759e+00,0.000000000000000000e+00,8.818765110909046467e-02,8.092929123126173241e-02,3.912307973334949729e+00,-1.371961753897771308e-01,0.000000000000000000e+00,0.000000000000000000e+00,0.000000000000000000e+00,8.881323409924277712e-01,4.081040434020032776e-03,1.101113765466586736e-02,-8.673617379884035472e-19,-2.172222780963715266e-02
1.769664999999999964e+02,1.264608052577263830e+00,0.000000000000000000e+00,8.828152148328397009e-02,8.091782155973686885e-02,3.911663704559600774e+00,-1.355387939152370991e-01,0.000000000000000000e+00,0.000000000000000000e+00,0.000000000000000000e+00,8.872201950249997138e-01,4.209601944388349087e-03,1.097448215341367828e-02,0.000000000000000000e+00,-2.175911289171142404e-02
1.769054999999999893e+02,1.264561837534297517e+00,0.000000000000000000e+00,8.819423348289054387e-02,8.092848695551434213e-02,3.912262795951311656e+00,-1.370799565668715525e-01,0.000000000000000000e+00,0.000000000000000000e+00,0.000000000000000000e+00,8.880683795373931488e-01,4.090055417978796098e-03,1.100856729939514445e-02,8.673617379884035472e-19,-2.172481426356307962e-02
1.768098999999999990e+02,1.264489408712861751e+00,0.000000000000000000e+00,8.805743458391408762e-02,8.094520190365145362e-02,3.913201699837340009e+00,-1.394952868864740292e-01,0.000000000000000000e+00,0.000000000000000000e+00,0.000000000000000000e+00,8.893976654289528216e-01,3.902700533966421692e-03,1.106198598719559945e-02,0.000000000000000000e+00,-2.167106100371091887e-02
1.768532999999999902e+02,1.264522289579496750e+00,0.000000000000000000e+00,8.811953784976767068e-02,8.093761373681938875e-02,3.912775461043892289e+00,-1.383987875572813275e-01,0.000000000000000000e+00,0.000000000000000000e+00,0.000000000000000000e+00,8.887942030053794795e-01,3.987754947838116626e-03,1.103773524398911354e-02,0.000000000000000000e+00,-2.169546363422956980e-02
1.769335000000000093e+02,1.264583050996642699e+00,0.000000000000000000e+00,8.823430010602223428e-02,8.092359136401003350e-02,3.911987803181347534e+00,-1.363725376448058357e-01,0.000000000000000000e+00,0.000000000000000000e+00,0.000000000000000000e+00,8.876790489415409269e-01,4.144929233379921613e-03,1.099292165861676107e-02,0.000000000000000000e+00,-2.174055789615577869e-02
1.768810000000000002e+02,1.264543275754745455e+00,0.000000000000000000e+00,8.815917518765101213e-02,8.093277059808125229e-02,3.912503414625035258e+00,-1.376989481236677304e-01,0.000000000000000000e+00,0.000000000000000000e+00,0.000000000000000000e+00,8.884090438087689501e-01,4.042040829502838162e-03,1.102225723507621602e-02,-8.673617379884035472e-19,-2.171103858504449396e-02
1.768104999999999905e+02,1.264489863287054927e+00,0.000000000000000000e+00,8.805829315440982796e-02,8.094509699811944237e-02,3.913195807135128046e+00,-1.394801279095733704e-01,0.000000000000000000e+00,0.000000000000000000e+00,0.000000000000000000e+00,8.893893226304724342e-01,3.903876401439302507e-03,1.106165072346464162e-02,-8.673617379884035472e-19,-2.167139836726646521e-02
1.768206999999999880e+02,1.264497591048337810e+00,0.000000000000000000e+00,8.807288885283592883e-02,8.094331360407108766e-02,3.913095631197495372e+00,-1.392224253022527058e-01,0.000000000000000000e+00,0.000000000000000000e+00,0.000000000000000000e+00,8.892474950562663238e-01,3.923866148478279831e-03,1.105595124003823371e-02,8.673617379884035472e-19,-2.167713354771093684e-02
1.767428999999999917e+02,1.264438647927964343e+00,0.000000000000000000e+00,8.796156087856456252e-02,8.095691635475174563e-02,3.913859718251191389e+00,-1.411880393071178741e-01,0.000000000000000000e+00,0.000000000000000000e+00,0.000000000000000000e+00,8.903292779261788858e-01,3.771395332828067493e-03,1.109942377048671325e-02,0.000000000000000000e+00,-2.163338874000698270e-02
1.767738999999999976e+02,1.264462134261275184e+00,0.000000000000000000e+00,8.800592035417423298e-02,8.095149623558600682e-02,3.913555261970154131e+00,-1.404048255005531376e-01,0.000000000000000000e+00,0.000000000000000000e+00,0.000000000000000000e+00,8.898982333379099607e-01,3.832148485593583204e-03,1.108210181105351300e-02,-8.673617379884035472e-19,-2.165081919037746896e-02
1.768874000000000137e+02,1.264548124546138741e+00,0.000000000000000000e+00,8.816833327293803479e-02,8.093165160573702333e-02,3.912440559134753748e+00,-1.375372523700605365e-01,0.000000000000000000e+00,0.000000000000000000e+00,0.000000000000000000e+00,8.883200539582845057e-01,4.054583415880264746e-03,1.101868108861257800e-02,8.673617379884035472e-19,-2.171463712963711892e-02
1.768942000000000121e+02,1.264553276386993996e+00,0.000000000000000000e+00,8.817806373855602287e-02,8.093046267637181435e-02,3.912373775176334778e+00,-1.373654506318401636e-01,0.000000000000000000e+00,0.000000000000000000e+00,0.000000000000000000e+00,8.882255022421523538e-01,4.067909913906240377e-03,1.101488143299497735e-02,0.000000000000000000e+00,-2.171846058326676321e-02
1.768326000000000136e+02,1.264506606769834507e+00,0.000000000000000000e+00,8.808991716766725877e-02,8.094123297768179848e-02,3.912978759270260287e+00,-1.389217722603753036e-01,0.000000000000000000e+00,0.000000000000000000e+00,0.000000000000000000e+00,8.890820295530297290e-01,3.947187520023806573e-03,1.104930184270740134e-02,0.000000000000000000e+00,-2.168382459156286551e-02
1.768189000000000135e+02,1.264496227325758504e+00,0.000000000000000000e+00,8.807031314134905475e-02,8.094362832066781532e-02,3.913113309304136589e+00,-1.392679022329541549e-01,0.000000000000000000e+00,0.000000000000000000e+00,0.000000000000000000e+00,8.892725234517151467e-01,3.920338546059696366e-03,1.105695703123110718e-02,-8.673617379884035472e-19,-2.167612145704428742e-02
1.768508999999999958e+02,1.264520471282724490e+00,0.000000000000000000e+00,8.811610356778498687e-02,8.093803335894840523e-02,3.912799031852745912e+00,-1.384594234648876820e-01,0.000000000000000000e+00,0.000000000000000000e+00,0.000000000000000000e+00,8.888275741993096890e-01,3.983051477946621122e-03,1.103907629891297260e-02,-8.673617379884035472e-19,-2.169411418000733588e-02
1.768443000000000040e+02,1.264515470966600219e+00,0.000000000000000000e+00,8.810665929233230109e-02,8.093918731980297154e-02,3.912863851577096597e+00,-1.386261722108010352e-01,0.000000000000000000e+00,0.000000000000000000e+00,0.000000000000000000e+00,8.889193449826175986e-01,3.970116935744935627e-03,1.104276419995359193e-02,8.673617379884035472e-19,-2.169040318089622554e-02
1.769281000000000006e+02,1.264578959828904781e+00,0.000000000000000000e+00,8.822657297156101530e-02,8.092453551380021648e-02,3.912040837501268520e+00,-1.365089684369187317e-01,0.000000000000000000e+00,0.000000000000000000e+00,0.000000000000000000e+00,8.877541341278853970e-01,4.134346426123952645e-03,1.099593903219545088e-02,0.000000000000000000e+00,-2.173752162415575062e-02
1.769267999999999859e+02,1.264577974918152936e+00,0.000000000000000000e+00,8.822471273548683490e-02,8.092476280912008768e-02,3.912053605022732139e+00,-1.365418128868728931e-01,0.000000000000000000e+00,0.000000000000000000e+00,0.000000000000000000e+00,8.877722101912632890e-01,4.131798713266035539e-03,1.099666543694588494e-02,8.673617379884035472e-19,-2.173679066978537883e-02
1.768663999999999987e+02,1.264532214449379799e+00,0.000000000000000000e+00,8.813828330558959312e-02,8.093532329936541092e-02,3.912646803712227950e+00,-1.380678165616035513e-01,0.000000000000000000e+00,0.000000000000000000e+00,0.000000000000000000e+00,8.886120519051741162e-01,4.013428054329398059e-03,1.103041531919636553e-02,0.000000000000000000e+00,-2.170282940519257381e-02
1.769139999999999873e+02,1.264568277335366586e+00,0.000000000000000000e+00,8.820639656491273406e-02,8.092700079380778233e-02,3.912179316003285834e+00,-1.368652043941030738e-01,0.000000000000000000e+00,0.000000000000000000e+00,0.000000000000000000e+00,8.879501898922238512e-01,4.106713540511262167e-03,1.100381772987313322e-02,-8.673617379884035472e-19,-2.172959358060012891e-02
1.768830000000000098e+02,1.264544791002055746e+00,0.000000000000000000e+00,8.816203708930314686e-02,8.093242091297350727e-02,3.912483772284321315e+00,-1.376484182006673940e-01,0.000000000000000000e+00,0.000000000000000000e+00,0.000000000000000000e+00,8.883812344804917771e-01,4.045960387745801967e-03,1.102113968930633348e-02,0.000000000000000000e+00,-2.171216313022968081e-02
1.769233999999999867e+02,1.264575398997725308e+00,0.000000000000000000e+00,8.821984750267783393e-02,8.092535727380256727e-02,3.912086997001939626e+00,-1.366277137559813171e-01,0.000000000000000000e+00,0.000000000000000000e+00,0.000000000000000000e+00,8.878194860493291429e-01,4.125135464253019968e-03,1.099856526475467833e-02,0.000000000000000000e+00,-2.173487894297055495e-02
1.768343000000000131e+02,1.264507894730048321e+00,0.000000000000000000e+00,8.809234978407148864e-02,8.094093574534055868e-02,3.912962063280655656e+00,-1.388788218258194818e-01,0.000000000000000000e+00,0.000000000000000000e+00,0.000000000000000000e+00,8.890583916239965800e-01,3.950519144530314358e-03,1.104835192880300465e-02,0.000000000000000000e+00,-2.168478045497026357e-02
1.768868999999999971e+02,1.264547745734311057e+00,0.000000000000000000e+00,8.816761779752485539e-02,8.093173902701389366e-02,3.912445469719931790e+00,-1.375498848508117378e-01,0.000000000000000000e+00,0.000000000000000000e+00,0.000000000000000000e+00,8.883270062903529940e-01,4.053603526319463080e-03,1.101896047505505905e-02,8.673617379884035472e-19,-2.171435599334080313e-02
1.768666000000000054e+02,1.264532365974110784e+00,0.000000000000000000e+00,8.813856949575490929e-02,8.093528833085500418e-02,3.912644839478160108e+00,-1.380627635693001676e-01,0.000000000000000000e+00,0.000000000000000000e+00,0.000000000000000000e+00,8.886092709723516503e-01,4.013820010153691664e-03,1.103030356461938422e-02,-8.673617379884035472e-19,-2.170294185971111817e-02
1.768003999999999962e+02,1.264482211288137536e+00,0.000000000000000000e+00,8.804384055106639906e-02,8.094686290791225369e-02,3.913295000955723690e+00,-1.397353040207444663e-01,0.000000000000000000e+00,0.000000000000000000e+00,0.000000000000000000e+00,8.895297597382635368e-01,3.884082632312501476e-03,1.106729432960254500e-02,0.000000000000000000e+00,-2.166571941408125535e-02
1.768890000000000100e+02,1.264549336743987062e+00,0.000000000000000000e+00,8.817062279426006455e-02,8.093137185765125752e-02,3.912424845262187034e+00,-1.374968284316540612e-01,0.000000000000000000e+00,0.000000000000000000e+00,0.000000000000000000e+00,8.882978064956663644e-01,4.057719062474599708e-03,1.101778705199667197e-02,0.000000000000000000e+00,-2.171553676578524480e-02
1.770114000000000090e+02,1.264642069879381658e+00,0.000000000000000000e+00,8.834577117537621704e-02,8.090997112907417910e-02,3.911222734010617152e+00,-1.344043971437909324e-01,0.000000000000000000e+00,0.000000000000000000e+00,0.000000000000000000e+00,8.865958756052167988e-01,4.297596026942306774e-03,1.094939325087977700e-02,0.000000000000000000e+00,-2.178435893111900501e-02
1.768457999999999970e+02,1.264516607402083048e+00,0.000000000000000000e+00,8.810880571857176990e-02,8.093892505597245768e-02,3.912849119821563360e+00,-1.385882747685474592e-01,0.000000000000000000e+00,0.000000000000000000e+00,0.000000000000000000e+00,8.888984879864132438e-01,3.973056604427153277e-03,1.104192604062617655e-02,0.000000000000000000e+00,-2.169124658978511741e-02
1.769231000000000051e+02,1.264575171710628831e+00,0.000000000000000000e+00,8.821941821743035927e-02,8.092540972656894760e-02,3.912089943353048049e+00,-1.366352932444298007e-01,0.000000000000000000e+00,0.000000000000000000e+00,0.000000000000000000e+00,8.878236574485730559e-01,4.124547530516657623e-03,1.099873289662015030e-02,8.673617379884035472e-19,-2.173471026119277311e-02
1.769848000000000070e+02,1.264621917090153813e+00,0.000000000000000000e+00,8.830770788340183697e-02,8.091462194100343397e-02,3.911483977142086399e+00,-1.350764451197488669e-01,0.000000000000000000e+00,0.000000000000000000e+00,0.000000000000000000e+00,8.869657396712785635e-01,4.245465902311205270e-03,1.096425660961923565e-02,8.673617379884035472e-19,-2.176940248015594298e-02
1.770192999999999870e+02,1.264648055106257551e+00,0.000000000000000000e+00,8.835707568690265301e-02,8.090858987289951954e-02,3.911145146764805958e+00,-1.342048039479266652e-01,0.000000000000000000e+00,0.000000000000000000e+00,0.000000000000000000e+00,8.864860287585296650e-01,4.313078282001853864e-03,1.094497894508873748e-02,0.000000000000000000e+00,-2.178880088460049408e-02
1.770320000000000107e+02,1.264657676926678409e+00,0.000000000000000000e+00,8.837524876239452598e-02,8.090636937246721561e-02,3.911020417901285740e+00,-1.338839389368461918e-01,0.000000000000000000e+00,0.000000000000000000e+00,0.000000000000000000e+00,8.863094395239837775e-01,4.337967476844541148e-03,1.093788252944996597e-02,8.673617379884035472e-19,-2.179594174652647182e-02
1.769610999999999876e+02,1.264603961409525912e+00,0.000000000000000000e+00,8.827379434882241804e-02,8.091876570952678815e-02,3.911716738879519983e+00,-1.356752247073498285e-01,0.000000000000000000e+00,0.000000000000000000e+00,0.000000000000000000e+00,8.872952802113390769e-01,4.199019137132380119e-03,1.097749952699236808e-02,8.673617379884035472e-19,-2.175607661971141332e-02
1.768494000000000028e+02,1.264519334847241661e+00,0.000000000000000000e+00,8.811395714154596215e-02,8.093829562277925216e-02,3.912813763608281370e+00,-1.384973209071369282e-01,0.000000000000000000e+00,0.000000000000000000e+00,0.000000000000000000e+00,8.888484311955182626e-01,3.980111809264458983e-03,1.103991445824038797e-02,-8.673617379884035472e-19,-2.169327077111845442e-02
1.769184999999999945e+02,1.264571686641814852e+00,0.000000000000000000e+00,8.821283584363026620e-02,8.092621400231586604e-02,3.912135120736684346e+00,-1.367515120673431506e-01,0.000000000000000000e+00,0.000000000000000000e+00,0.000000000000000000e+00,8.878876189036031263e-01,4.115532546557852667e-03,1.100130325189090097e-02,8.673617379884035472e-19,-2.173212380726681492e-02
1.768734000000000037e+02,1.264537517814966039e+00,0.000000000000000000e+00,8.814829996137241164e-02,8.093409940148948989e-02,3.912578055519739362e+00,-1.378909618310873997e-01,0.000000000000000000e+00,0.000000000000000000e+00,0.000000000000000000e+00,8.885147192562138363e-01,4.027146508179649947e-03,1.102650390900176969e-02,0.000000000000000000e+00,-2.170676531334076245e-02
1.769645999999999901e+02,1.264606613092319032e+00,0.000000000000000000e+00,8.827880267671450731e-02,8.091815376058911213e-02,3.911682364783277244e+00,-1.355867973420880057e-01,0.000000000000000000e+00,0.000000000000000000e+00,0.000000000000000000e+00,8.872466138868618790e-01,4.205878364057554636e-03,1.097554382189507016e-02,0.000000000000000000e+00,-2.175804457378550938e-02
1.769394000000000062e+02,1.264587520976208301e+00,0.000000000000000000e+00,8.824274271589604979e-02,8.092255979294299406e-02,3.911929858276245842e+00,-1.362234743719458741e-01,0.000000000000000000e+00,0.000000000000000000e+00,0.000000000000000000e+00,8.875970114231286345e-01,4.156491930196550000e-03,1.098962489859560410e-02,-8.673617379884035472e-19,-2.174387530445208438e-02
1.768496000000000095e+02,1.264519486371972645e+00,0.000000000000000000e+00,8.811424333171127832e-02,8.093826065426829031e-02,3.912811799374211308e+00,-1.384922679148377078e-01,0.000000000000000000e+00,0.000000000000000000e+00,0.000000000000000000e+00,8.888456502626900235e-01,3.980503765088745649e-03,1.103980270366339278e-02,0.000000000000000000e+00,-2.169338322563698490e-02
1.769132999999999925e+02,1.264567746998807918e+00,0.000000000000000000e+00,8.820539489933436339e-02,8.092712318359535084e-02,3.912186190822534826e+00,-1.368828898671530792e-01,0.000000000000000000e+00,0.000000000000000000e+00,0.000000000000000000e+00,8.879599231571196905e-01,4.105341695126215468e-03,1.100420887089259558e-02,0.000000000000000000e+00,-2.172919998978532427e-02
1.767968999999999937e+02,1.264479559605344416e+00,0.000000000000000000e+00,8.803883222317432367e-02,8.094747485684994359e-02,3.913329375051967318e+00,-1.398237313860029585e-01,0.000000000000000000e+00,0.000000000000000000e+00,0.000000000000000000e+00,8.895784260627424000e-01,3.877223405387375532e-03,1.106925003469984292e-02,0.000000000000000000e+00,-2.166375146000716623e-02
1.767920000000000016e+02,1.264475847249433960e+00,0.000000000000000000e+00,8.803182056412679757e-02,8.094833158536324236e-02,3.913377498786713371e+00,-1.399475296973643201e-01,0.000000000000000000e+00,0.000000000000000000e+00,0.000000000000000000e+00,8.896465589170168276e-01,3.867620487692149250e-03,1.107198802183606556e-02,-8.673617379884035472e-19,-2.166099632430344701e-02
1.767845000000000084e+02,1.264470165072020036e+00,0.000000000000000000e+00,8.802108843293085516e-02,8.094964290451626965e-02,3.913451157564382221e+00,-1.401370169086307294e-01,0.000000000000000000e+00,0.000000000000000000e+00,0.000000000000000000e+00,8.897508438980503698e-01,3.852922144281178962e-03,1.107617881847311470e-02,8.673617379884035472e-19,-2.165677927985899115e-02
1.768007000000000062e+02,1.264482438575234013e+00,0.000000000000000000e+00,8.804426983631385983e-02,8.094681045514576234e-02,3.913292054604614378e+00,-1.397277245322966210e-01,0.000000000000000000e+00,0.000000000000000000e+00,0.000000000000000000e+00,8.895255883390190688e-01,3.884670566048964435e-03,1.106712669773705915e-02,8.673617379884035472e-19,-2.166588809585904066e-02
1.769140999999999906e+02,1.264568353097732079e+00,0.000000000000000000e+00,8.820653965999539214e-02,8.092698330955237773e-02,3.912178333886251469e+00,-1.368626778979497027e-01,0.000000000000000000e+00,0.000000000000000000e+00,0.000000000000000000e+00,8.879487994258108419e-01,4.106909518423379479e-03,1.100376185258464257e-02,0.000000000000000000e+00,-2.172964980785940456e-02
1.768141999999999996e+02,1.264492666494579032e+00,0.000000000000000000e+00,8.806358767246630359e-02,8.094445008067044367e-02,3.913159468804811247e+00,-1.393866475520168513e-01,0.000000000000000000e+00,0.000000000000000000e+00,0.000000000000000000e+00,8.893378753731622233e-01,3.911127584188774098e-03,1.105958326379034851e-02,-8.673617379884035472e-19,-2.167347877585907093e-02
1.767997000000000014e+02,1.264481680951578868e+00,0.000000000000000000e+00,8.804283888548801451e-02,8.094698529769975281e-02,3.913301875774972682e+00,-1.397529894937946937e-01,0.000000000000000000e+00,0.000000000000000000e+00,0.000000000000000000e+00,8.895394930031609304e-01,3.882710786927454777e-03,1.106768547062200736e-02,0.000000000000000000e+00,-2.166532582326644724e-02
1.767838999999999885e+02,1.264469710497826860e+00,0.000000000000000000e+00,8.802022986243550340e-02,8.094974781004871112e-02,3.913457050266597292e+00,-1.401521758855273081e-01,0.000000000000000000e+00,0.000000000000000000e+00,0.000000000000000000e+00,8.897591866965346430e-01,3.851746276808270392e-03,1.107651408220410028e-02,0.000000000000000000e+00,-2.165644191630342746e-02
1.768387999999999920e+02,1.264511304036496586e+00,0.000000000000000000e+00,8.809878906278892363e-02,8.094014895384868402e-02,3.912917868014055944e+00,-1.387651294990595585e-01,0.000000000000000000e+00,0.000000000000000000e+00,0.000000000000000000e+00,8.889958206353776315e-01,3.959338150576849347e-03,1.104583745082077240e-02,-8.673617379884035472e-19,-2.168731068163692183e-02
1.769100999999999999e+02,1.264565322603111497e+00,0.000000000000000000e+00,8.820081585669110880e-02,8.092768267976746532e-02,3.912217618567676247e+00,-1.369637377439581472e-01,0.000000000000000000e+00,0.000000000000000000e+00,0.000000000000000000e+00,8.880044180823614131e-01,4.099070401937552482e-03,1.100599694412440765e-02,8.673617379884035472e-19,-2.172740071748903781e-02
1.770271999999999935e+02,1.264654040333133667e+00,0.000000000000000000e+00,8.836838019842910286e-02,8.090720861672508202e-02,3.911067559518994763e+00,-1.340052107520547930e-01,0.000000000000000000e+00,0.000000000000000000e+00,0.000000000000000000e+00,8.863761819118429752e-01,4.328560537061446056e-03,1.094056463929769796e-02,0.000000000000000000e+00,-2.179324283808200050e-02
1.770201000000000136e+02,1.264648661205181934e+00,0.000000000000000000e+00,8.835822044756330707e-02,8.090844999885649091e-02,3.911137289828520380e+00,-1.341845919787231223e-01,0.000000000000000000e+00,0.000000000000000000e+00,0.000000000000000000e+00,8.864749050272191511e-01,4.314646105299062978e-03,1.094453192678077058e-02,-8.673617379884035472e-19,-2.178925070267459171e-02
1.769689999999999941e+02,1.264609946636401805e+00,0.000000000000000000e+00,8.828509886034888177e-02,8.091738445335239227e-02,3.911639151633710565e+00,-1.354756315114813980e-01,0.000000000000000000e+00,0.000000000000000000e+00,0.000000000000000000e+00,8.871854333646542745e-01,4.214501392192024354e-03,1.097308522120131469e-02,8.673617379884035472e-19,-2.176051857319292321e-02
1.770026000000000010e+02,1.264635402791216112e+00,0.000000000000000000e+00,8.833317880810649669e-02,8.091150974354688330e-02,3.911309160309749178e+00,-1.346267288050119193e-01,0.000000000000000000e+00,0.000000000000000000e+00,0.000000000000000000e+00,8.867182366496276780e-01,4.280349970673315296e-03,1.095431045226726019e-02,0.000000000000000000e+00,-2.177941093230414960e-02
1.769059000000000026e+02,1.264562140583759708e+00,0.000000000000000000e+00,8.819480586322110682e-02,8.092841701849320946e-02,3.912258867483170643e+00,-1.370698505822659230e-01,0.000000000000000000e+00,0.000000000000000000e+00,0.000000000000000000e+00,8.880628176717402233e-01,4.090839329627372900e-03,1.100834379024115406e-02,8.673617379884035472e-19,-2.172503917260013018e-02
1.768848000000000127e+02,1.264546154724635274e+00,0.000000000000000000e+00,8.816461280079009033e-02,8.093210619637676573e-02,3.912466094177678766e+00,-1.376029412699654453e-01,0.000000000000000000e+00,0.000000000000000000e+00,0.000000000000000000e+00,8.883562060850418440e-01,4.049487990164430534e-03,1.102013389811343225e-02,0.000000000000000000e+00,-2.171317522089636493e-02
1.768855000000000075e+02,1.264546685061193720e+00,0.000000000000000000e+00,8.816561446636850263e-02,8.093198380658922497e-02,3.912459219358429774e+00,-1.375852557969118595e-01,0.000000000000000000e+00,0.000000000000000000e+00,0.000000000000000000e+00,8.883464728201461158e-01,4.050859835549425192e-03,1.101974275709396989e-02,8.673617379884035472e-19,-2.171356881171117997e-02
1.769601999999999862e+02,1.264603279548236259e+00,0.000000000000000000e+00,8.827250649307914754e-02,8.091892306782526301e-02,3.911725577932840814e+00,-1.356979631727026070e-01,0.000000000000000000e+00,0.000000000000000000e+00,0.000000000000000000e+00,8.873077944090650426e-01,4.197255335923091857e-03,1.097800242258881176e-02,8.673617379884035472e-19,-2.175557057437807126e-02
1.770229999999999961e+02,1.264650858313781878e+00,0.000000000000000000e+00,8.836237020495951722e-02,8.090794295545088166e-02,3.911108808434489159e+00,-1.341113235903659828e-01,0.000000000000000000e+00,0.000000000000000000e+00,0.000000000000000000e+00,8.864345815012217855e-01,4.320329464751273413e-03,1.094291148541444436e-02,0.000000000000000000e+00,-2.179088129319310327e-02
1.769497000000000071e+02,1.264595324499856677e+00,0.000000000000000000e+00,8.825748150940523895e-02,8.092075891463948456e-02,3.911828700221579247e+00,-1.359632452684717552e-01,0.000000000000000000e+00,0.000000000000000000e+00,0.000000000000000000e+00,8.874537933825115132e-01,4.176677655147703616e-03,1.098386953788069165e-02,0.000000000000000000e+00,-2.174966671215582820e-02
1.768146999999999878e+02,1.264493045306406716e+00,0.000000000000000000e+00,8.806430314787941360e-02,8.094436265939364272e-02,3.913154558219633650e+00,-1.393740150712655945e-01,0.000000000000000000e+00,0.000000000000000000e+00,0.000000000000000000e+00,8.893309230410937349e-01,3.912107473749482089e-03,1.105930387734788134e-02,-8.673617379884035472e-19,-2.167375991215536937e-02
1.768541999999999916e+02,1.264522971440786403e+00,0.000000000000000000e+00,8.812082570551094118e-02,8.093745637852113595e-02,3.912766621990572347e+00,-1.383760490919284381e-01,0.000000000000000000e+00,0.000000000000000000e+00,0.000000000000000000e+00,8.887816888076556232e-01,3.989518749047453461e-03,1.103723234839266987e-02,0.000000000000000000e+00,-2.169596967956292227e-02
1.769009000000000071e+02,1.264558352465483759e+00,0.000000000000000000e+00,8.818765110909046467e-02,8.092929123126173241e-02,3.912307973334949729e+00,-1.371961753897771308e-01,0.000000000000000000e+00,0.000000000000000000e+00,0.000000000000000000e+00,8.881323409924277712e-01,4.081040434020032776e-03,1.101113765466586736e-02,-8.673617379884035472e-19,-2.172222780963715266e-02
1.769336999999999875e+02,1.264583202521373684e+00,0.000000000000000000e+00,8.823458629618741167e-02,8.092355639549934920e-02,3.911985838947274807e+00,-1.363674846525071427e-01,0.000000000000000000e+00,0.000000000000000000e+00,0.000000000000000000e+00,8.876762680087137980e-01,4.145321189204170115e-03,1.099280990403977976e-02,0.000000000000000000e+00,-2.174067035067427794e-02
1.768691000000000031e+02,1.264534260033248758e+00,0.000000000000000000e+00,8.814214687282020955e-02,8.093485122447047209e-02,3.912620286552267679e+00,-1.379996011655486854e-01,0.000000000000000000e+00,0.000000000000000000e+00,0.000000000000000000e+00,8.885745093120056559e-01,4.018719457957363461e-03,1.102890663240702063e-02,0.000000000000000000e+00,-2.170434754119259652e-02
1.769353000000000122e+02,1.264584414719222005e+00,0.000000000000000000e+00,8.823687581750909448e-02,8.092327664741323645e-02,3.911970125074703208e+00,-1.363270607141043311e-01,0.000000000000000000e+00,0.000000000000000000e+00,0.000000000000000000e+00,8.876540205460921040e-01,4.148456835798550180e-03,1.099191586742385984e-02,0.000000000000000000e+00,-2.174156998682245587e-02
1.769733999999999980e+02,1.264613280180484578e+00,0.000000000000000000e+00,8.829139504398372806e-02,8.091661514611588057e-02,3.911595938484143442e+00,-1.353644656808748459e-01,0.000000000000000000e+00,0.000000000000000000e+00,0.000000000000000000e+00,8.871242528424465590e-01,4.223124420326483663e-03,1.097062662050757309e-02,0.000000000000000000e+00,-2.176299257260034051e-02
1.769555000000000007e+02,1.264599718717056787e+00,0.000000000000000000e+00,8.826578102419646576e-02,8.091974482782766931e-02,3.911771737433513696e+00,-1.358167084917612510e-01,0.000000000000000000e+00,0.000000000000000000e+00,0.000000000000000000e+00,8.873731463305110090e-01,4.188044374052207752e-03,1.098062865514803921e-02,0.000000000000000000e+00,-2.175292789319288947e-02
1.768201999999999998e+02,1.264497212236510126e+00,0.000000000000000000e+00,8.807217337742324903e-02,8.094340102534827719e-02,3.913100541782675634e+00,-1.392350577829994107e-01,0.000000000000000000e+00,0.000000000000000000e+00,0.000000000000000000e+00,8.892544473883378098e-01,3.922886258917575308e-03,1.105623062648070087e-02,8.673617379884035472e-19,-2.167685241141466615e-02
1.769250999999999863e+02,1.264576686957939122e+00,0.000000000000000000e+00,8.822228011908256340e-02,8.092506004146132748e-02,3.912070301012336770e+00,-1.365847633214289925e-01,0.000000000000000000e+00,0.000000000000000000e+00,0.000000000000000000e+00,8.877958481202961050e-01,4.128467088759527753e-03,1.099761535085028163e-02,-8.673617379884035472e-19,-2.173583480637795301e-02
1.768745999999999867e+02,1.264538426963352169e+00,0.000000000000000000e+00,8.815001710236397559e-02,8.093388959042512043e-02,3.912566270115312772e+00,-1.378606438772825016e-01,0.000000000000000000e+00,0.000000000000000000e+00,0.000000000000000000e+00,8.884980336592496197e-01,4.029498243125411577e-03,1.102583338153985404e-02,0.000000000000000000e+00,-2.170744004045187248e-02
1.770054000000000087e+02,1.264637524137450564e+00,0.000000000000000000e+00,8.833718547041967406e-02,8.091102018439672028e-02,3.911281661032754542e+00,-1.345559869128007402e-01,0.000000000000000000e+00,0.000000000000000000e+00,0.000000000000000000e+00,8.866793035900453201e-01,4.285837352213456991e-03,1.095274588818942463e-02,0.000000000000000000e+00,-2.178098529556340979e-02
1.770022999999999911e+02,1.264635175504119413e+00,0.000000000000000000e+00,8.833274952285902204e-02,8.091156219631312485e-02,3.911312106660857602e+00,-1.346343082934601254e-01,0.000000000000000000e+00,0.000000000000000000e+00,0.000000000000000000e+00,8.867224080488717020e-01,4.279762036936859276e-03,1.095447808413275992e-02,0.000000000000000000e+00,-2.177924225052636775e-02
1.770163000000000011e+02,1.264645782235292115e+00,0.000000000000000000e+00,8.835278283442421499e-02,8.090911440056063053e-02,3.911174610275873320e+00,-1.342805988324295985e-01,0.000000000000000000e+00,0.000000000000000000e+00,0.000000000000000000e+00,8.865277427509423713e-01,4.307198944637470606e-03,1.094665526374355435e-02,8.673617379884035472e-19,-2.178711406682272422e-02
1.771246999999999900e+02,1.264740741905243215e+00,0.000000000000000000e+00,8.852619225186961205e-02,8.091044121523940924e-02,3.910262554403503454e+00,-1.313578109365938218e-01,0.000000000000000000e+00,0.000000000000000000e+00,0.000000000000000000e+00,8.852567724648296998e-01,4.518000504913296383e-03,1.089395746850453997e-02,0.000000000000000000e+00,-2.186176849180606827e-02
1.772479999999999905e+02,1.264924533369186976e+00,0.000000000000000000e+00,8.883146385833826097e-02,8.103170039522165913e-02,3.910125979338469726e+00,-1.269463818048162107e-01,0.000000000000000000e+00,0.000000000000000000e+00,0.000000000000000000e+00,8.852064038069740182e-01,4.748102389713147742e-03,1.088050657222658715e-02,-8.673617379884035472e-19,-2.202760572809429190e-02
1.772921000000000049e+02,1.264990269002276291e+00,0.000000000000000000e+00,8.894064859349848362e-02,8.107507046689418906e-02,3.910077131322510002e+00,-1.253685713854191253e-01,0.000000000000000000e+00,0.000000000000000000e+00,-3.469446951953614189e-18,8.851883887395662898e-01,4.830401603984693648e-03,1.087569566771841648e-02,8.673617379884035472e-19,-2.208691977610982224e-02
1.775622999999999934e+02,1.265393030182792034e+00,0.000000000000000000e+00,8.960962173273434583e-02,8.134079820761730417e-02,3.909777840304088592e+00,-1.157013519903937748e-01,0.000000000000000000e+00,0.000000000000000000e+00,0.000000000000000000e+00,8.850780107075126857e-01,5.334647583489334627e-03,1.084621933216040751e-02,0.000000000000000000e+00,-2.245033600680793745e-02
1.777206999999999937e+02,1.264984443197896047e+00,0.000000000000000000e+00,8.931940065009719154e-02,8.119389991789671690e-02,3.906375283096543249e+00,-1.161984792904560138e-01,0.000000000000000000e+00,0.000000000000000000e+00,3.469446951953614189e-18,8.799290617655891600e-01,5.526006739845181620e-03,1.053066798373594737e-02,0.000000000000000000e+00,-2.210419060183418591e-02
1.779971999999999923e+02,1.265093313582536405e+00,0.000000000000000000e+00,8.968295682764891585e-02,8.132343714456452544e-02,3.904550907615274014e+00,-1.092057224136242510e-01,0.000000000000000000e+00,0.000000000000000000e+00,0.000000000000000000e+00,8.774243617173581589e-01,5.992969861448965013e-03,1.036019042099982357e-02,0.000000000000000000e+00,-2.221302313353874444e-02
1.782899999999999920e+02,1.266044028156555701e+00,0.000000000000000000e+00,9.092578445393595388e-02,8.214758534258982670e-02,3.906793829182257927e+00,-9.617000300151495873e-02,0.000000000000000000e+00,0.000000000000000000e+00,0.000000000000000000e+00,8.823791127581419591e-01,6.311630036252031256e-03,1.063026502237000154e-02,0.000000000000000000e+00,-2.305546422057463962e-02
1.786543000000000063e+02,1.266855566930916499e+00,0.000000000000000000e+00,8.965550837313188137e-02,8.137843366003508216e-02,3.896938754340325772e+00,-1.014583288627050051e-01,0.000000000000000000e+00,0.000000000000000000e+00,0.000000000000000000e+00,8.673279592690351647e-01,6.730487520191598405e-03,1.010098568167303035e-02,0.000000000000000000e+00,-2.239698224141140753e-02
1.790592000000000041e+02,1.267102211387217903e+00,0.000000000000000000e+00,9.044921326096250214e-02,8.218963926250638652e-02,3.895544248210903060e+00,-8.900577576145085601e-02,0.000000000000000000e+00,0.000000000000000000e+00,0.000000000000000000e+00,8.708675658759141847e-01,7.045571401553343133e-03,1.046679903067289363e-02,0.000000000000000000e+00,-2.310008730981035624e-02
1.793063999999999965e+02,1.267406437043819389e+00,0.000000000000000000e+00,9.068936595739607309e-02,8.235338810391562570e-02,3.893640503769129957e+00,-8.364169760566547707e-02,0.000000000000000000e+00,0.000000000000000000e+00,0.000000000000000000e+00,8.690259024175197577e-01,7.365200823682867270e-03,1.041469958169138899e-02,0.000000000000000000e+00,-2.325821080383467729e-02
1.797101000000000113e+02,1.265915701495932577e+00,0.000000000000000000e+00,8.930988253885756289e-02,8.074533306993512960e-02,3.879799172391797502e+00,-9.210907952312363811e-02,0.000000000000000000e+00,0.000000000000000000e+00,0.000000000000000000e+00,8.504527779948445332e-01,7.628334864838329926e-03,9.919275172554184450e-03,0.000000000000000000e+00,-2.257009226958956241e-02
1.801774000000000058e+02,1.266002452557603242e+00,0.000000000000000000e+00,9.348510395089382197e-02,8.203794006200346156e-02,3.890777213257617717e+00,-5.906543988013679414e-02,0.000000000000000000e+00,0.000000000000000000e+00,0.000000000000000000e+00,8.725571019577732512e-01,8.177112853521028429e-03,1.037823639995906488e-02,0.000000000000000000e+00,-2.360192736365032684e-02
1.805680999999999869e+02,1.266153401349976892e+00,0.000000000000000000e+00,9.413156060596911123e-02,8.218032527667479270e-02,3.888310144350594300e+00,-4.978461204727724354e-02,0.000000000000000000e+00,0.000000000000000000e+00,0.000000000000000000e+00,8.710319413939189293e-01,8.640426942464984189e-03,1.031662424380314427e-02,0.000000000000000000e+00,-2.382506481032324597e-02
1.808961999999999932e+02,1.267077819606472477e+00,0.000000000000000000e+00,9.136614837538629963e-02,7.983575982446046437e-02,3.869749742095109024e+00,-7.231791131530085348e-02,0.000000000000000000e+00,0.000000000000000000e+00,0.000000000000000000e+00,8.402400831701333228e-01,8.930153788439688239e-03,9.922494400736517339e-03,0.000000000000000000e+00,-2.283411602929009271e-02
1.813839999999999861e+02,1.268590838503013352e+00,0.000000000000000000e+00,9.547098465663300670e-02,8.144233271254706918e-02,3.881130619544303162e+00,-3.748599200360946959e-02,0.000000000000000000e+00,0.000000000000000000e+00,0.000000000000000000e+00,8.656913991114448814e-01,9.445344227009870586e-03,1.032624387883162784e-02,0.000000000000000000e+00,-2.402156761002260596e-02
1.818505999999999858e+02,1.266390845329511405e+00,0.000000000000000000e+00,9.330640202003973038e-02,7.952058999037320275e-02,3.868113826976981251e+00,-4.786285740735296557e-02,0.000000000000000000e+00,0.000000000000000000e+00,0.000000000000000000e+00,8.467039199155748097e-01,9.419888172056488373e-03,9.581578555815588316e-03,0.000000000000000000e+00,-2.336057691555687085e-02
1.822969999999999970e+02,1.266534503463032424e+00,0.000000000000000000e+00,9.375338082929438044e-02,7.937358552468201656e-02,3.864103143387497497e+00,-4.007877778662449764e-02,0.000000000000000000e+00,0.000000000000000000e+00,0.000000000000000000e+00,8.430604216756700797e-01,9.875189790692903008e-03,9.458029761350315867e-03,0.000000000000000000e+00,-2.349714093316560004e-02
1.828437999999999874e+02,1.263082768408702927e+00,0.000000000000000000e+00,9.746170458028244332e-02,8.174700635736034671e-02,3.879247474674769602e+00,-5.917520894018202249e-03,0.000000000000000000e+00,0.000000000000000000e+00,0.000000000000000000e+00,8.684085279313992212e-01,1.010366895854576674e-02,9.956821964766757183e-03,0.000000000000000000e+00,-2.444353786881664145e-02
1.832631000000000085e+02,1.264385808395577682e+00,0.000000000000000000e+00,9.557042978750611428e-02,8.071759868417471839e-02,3.867597801389266010e+00,-1.645205219500001093e-02,0.000000000000000000e+00,0.000000000000000000e+00,0.000000000000000000e+00,8.543536888252140082e-01,9.761963480871788806e-03,9.769007510526415972e-03,0.000000000000000000e+00,-2.419365729291877640e-02
1.836243000000000052e+02,1.265000700739015826e+00,0.000000000000000000e+00,9.796128981963352078e-02,8.214097497247448143e-02,3.878112321303188281e+00,2.224847743806712685e-03,0.000000000000000000e+00,0.000000000000000000e+00,0.000000000000000000e+00,8.704494704143282968e-01,1.019538503157820311e-02,9.910926258395659494e-03,0.000000000000000000e+00,-2.486524308041441339e-02
1.840932999999999993e+02,1.266513939171399317e+00,0.000000000000000000e+00,9.946849179985844946e-02,8.250446716136075609e-02,3.871652529058025038e+00,2.561570971633497784e-02,0.000000000000000000e+00,0.000000000000000000e+00,0.000000000000000000e+00,8.640097853929121774e-01,1.251989129721879299e-02,9.685893730791629574e-03,0.000000000000000000e+00,-2.572476245865617725e-02
1.845897999999999968e+02,1.267762926824849812e+00,-2.775557561562891351e-17,9.643391304872760139e-02,8.141987534812769600e-02,3.856553197254425580e+00,7.440816714401332632e-03,0.000000000000000000e+00,0.000000000000000000e+00,6.938893903907228378e-18,8.398958405397415339e-01,1.163879595642751050e-02,1.009279840047774129e-02,0.000000000000000000e+00,-2.566409961511820562e-02
1.850356999999999914e+02,1.265916276897334880e+00,0.000000000000000000e+00,1.005213388452489143e-01,8.268653511782397825e-02,3.871176798744281555e+00,3.370258889260835389e-02,0.000000000000000000e+00,0.000000000000000000e+00,-6.938893903907228378e-18,8.690513398771909648e-01,1.191063135551610405e-02,1.023993180777884628e-02,0.000000000000000000e+00,-2.575711347752608626e-02
1.854776999999999987e+02,1.268506138357465840e+00,2.775557561562891351e-17,9.660625905579107997e-02,8.128063559959264328e-02,3.862218769562539400e+00,9.844842949635057572e-03,0.000000000000000000e+00,0.000000000000000000e+00,0.000000000000000000e+00,8.480625851566510054e-01,1.172381141234037083e-02,1.013555471447472739e-02,0.000000000000000000e+00,-2.550114265076123057e-02
1.859069000000000074e+02,1.267226442405586351e+00,0.000000000000000000e+00,9.860903685903917026e-02,8.222338316914633294e-02,3.869578833782921556e+00,2.272810855252094253e-02,0.000000000000000000e+00,0.000000000000000000e+00,6.938893903907228378e-18,8.619025410959989530e-01,1.188605435649820255e-02,1.001152848007715902e-02,0.000000000000000000e+00,-2.563541049525534105e-02
1.864913999999999987e+02,1.267255306583074947e+00,0.000000000000000000e+00,1.018011279615291670e-01,8.401093141545024068e-02,3.888785599144790162e+00,4.194072463082210156e-02,0.000000000000000000e+00,0.000000000000000000e+00,0.000000000000000000e+00,8.854507464667487060e-01,1.196776955156659064e-02,9.587545234957436588e-03,0.000000000000000000e+00,-2.545206066060275857e-02
1.870202999999999918e+02,1.264382751202293154e+00,2.775557561562891351e-17,9.939863531257354945e-02,8.429040830517647853e-02,3.891047210269819256e+00,3.311271481467226163e-02,0.000000000000000000e+00,0.000000000000000000e+00,0.000000000000000000e+00,8.777671802656380473e-01,1.189915037707948986e-02,9.912432088227132732e-03,0.000000000000000000e+00,-2.572669182981588906e-02
1.876228999999999871e+02,1.267431872782978974e+00,2.775557561562891351e-17,1.007259747518348958e-01,8.551088899995319681e-02,3.899796013966726704e+00,4.362717406060578895e-02,0.000000000000000000e+00,0.000000000000000000e+00,-6.938893903907228378e-18,8.898730197423740940e-01,1.235180719453740292e-02,9.385588256928437123e-03,0.000000000000000000e+00,-2.501600753460110627e-02
1.881595000000000084e+02,1.269545156768792316e+00,0.000000000000000000e+00,1.003367739290480648e-01,8.585804789183408559e-02,3.905514541151547725e+00,4.451347087983348327e-02,0.000000000000000000e+00,0.000000000000000000e+00,0.000000000000000000e+00,8.934635476328515180e-01,1.251198065291903375e-02,9.690276130484242606e-03,0.000000000000000000e+00,-2.539523495892049426e-02
1.886697000000000060e+02,1.270007429904562946e+00,0.000000000000000000e+00,1.006964995722821055e-01,8.658478691297699648e-02,3.912572186819683218e+00,5.470537209946824131e-02,0.000000000000000000e+00,0.000000000000000000e+00,0.000000000000000000e+00,9.033857831245196701e-01,1.260772449858641245e-02,1.001576095160473627e-02,0.000000000000000000e+00,-2.596610067576666028e-02
1.893571000000000026e+02,1.265453852704558457e+00,2.775557561562891351e-17,1.004317606490539028e-01,8.605934352850762303e-02,3.908748910211890859e+00,4.705202667347296863e-02,0.000000000000000000e+00,0.000000000000000000e+00,0.000000000000000000e+00,8.974074482351552806e-01,1.259327706581051323e-02,9.170779451969895968e-03,0.000000000000000000e+00,-2.425571591853661890e-02
1.899037999999999897e+02,1.266344296707889949e+00,2.775557561562891351e-17,1.001795022361219034e-01,8.615208839139668062e-02,3.909535593446904933e+00,4.422633080120541571e-02,0.000000000000000000e+00,0.000000000000000000e+00,0.000000000000000000e+00,8.991354246658845861e-01,1.244360489641422804e-02,9.653651462402670913e-03,0.000000000000000000e+00,-2.493026822084194044e-02
1.905653000000000077e+02,1.266855032407659509e+00,-2.775557561562891351e-17,1.016861519704655575e-01,8.647997896538854590e-02,3.917691925268503184e+00,4.628576255676475348e-02,0.000000000000000000e+00,0.000000000000000000e+00,0.000000000000000000e+00,9.041421101046904774e-01,1.257877768185905812e-02,9.310761176779168424e-03,0.000000000000000000e+00,-2.402957815742137043e-02
1.912235000000000014e+02,1.266865950908589111e+00,0.000000000000000000e+00,1.035702600488562081e-01,8.806884829783731550e-02,3.931448253128246861e+00,6.442971643711747909e-02,0.000000000000000000e+00,0.000000000000000000e+00,0.000000000000000000e+00,9.232326655560497697e-01,1.299194322348683206e-02,1.054497549414644408e-02,0.000000000000000000e+00,-2.541651214934693981e-02
1.919040999999999997e+02,1.266744979616524214e+00,-2.775557561562891351e-17,1.025558769752972360e-01,8.659102704057693167e-02,3.928056875488798116e+00,4.807524976307042675e-02,0.000000000000000000e+00,0.000000000000000000e+00,0.000000000000000000e+00,9.118860335684654261e-01,1.287651971326696579e-02,9.149641841129593084e-03,0.000000000000000000e+00,-2.286207294482273111e-02
1.924600000000000080e+02,1.263004470097147891e+00,0.000000000000000000e+00,1.064736056760200167e-01,8.977916435938823603e-02,3.955179627654189289e+00,8.554102625010528982e-02,0.000000000000000000e+00,0.000000000000000000e+00,0.000000000000000000e+00,9.524457250994424751e-01,1.344531615519664602e-02,1.074863933445125916e-02,0.000000000000000000e+00,-2.556910508902796725e-02
1.930444999999999993e+02,1.266606852350623313e+00,2.775557561562891351e-17,1.053812432389764631e-01,8.837081692893465623e-02,3.950475324506987018e+00,7.422601937445938436e-02,0.000000000000000000e+00,0.000000000000000000e+00,-6.938893903907228378e-18,9.411190706152838814e-01,1.314940441764092180e-02,9.672381378627442627e-03,0.000000000000000000e+00,-2.397612510716972192e-02
1.937610999999999990e+02,1.266754854739074787e+00,2.775557561562891351e-17,1.023861258217409614e-01,8.800386429304034308e-02,3.947762869041587130e+00,5.304916369908074802e-02,0.000000000000000000e+00,0.000000000000000000e+00,0.000000000000000000e+00,9.274511681407398012e-01,1.309968576530396930e-02,9.124999160860840230e-03,0.000000000000000000e+00,-2.284649404098964068e-02
1.944816999999999894e+02,1.266584558291009355e+00,0.000000000000000000e+00,1.038759400583503800e-01,8.973007501445919021e-02,3.964651705551570426e+00,6.439643764658831149e-02,0.000000000000000000e+00,0.000000000000000000e+00,0.000000000000000000e+00,9.475153183552593728e-01,1.313779536634586409e-02,9.188695825440656995e-03,0.000000000000000000e+00,-2.286103700947368644e-02
1.951537999999999897e+02,1.266873865168178126e+00,0.000000000000000000e+00,1.026373811653730622e-01,8.956031718221044158e-02,3.966975130046916931e+00,5.209220427467331493e-02,0.000000000000000000e+00,0.000000000000000000e+00,0.000000000000000000e+00,9.419583373129486459e-01,1.321064360566218121e-02,8.926808958503767294e-03,0.000000000000000000e+00,-2.194252900221398822e-02
1.957752999999999872e+02,1.267859553298684050e+00,0.000000000000000000e+00,1.026538463776750371e-01,8.973523173897375582e-02,3.972687712675383231e+00,4.890867261839260127e-02,0.000000000000000000e+00,0.000000000000000000e+00,0.000000000000000000e+00,9.446597579939370881e-01,1.334365176433652961e-02,8.791521545823750838e-03,0.000000000000000000e+00,-2.135439772441550393e-02
1.964170000000000016e+02,1.267203053909977228e+00,-2.775557561562891351e-17,1.024083894941496820e-01,8.954607318674118188e-02,3.976236902232837878e+00,4.470305956762798960e-02,0.000000000000000000e+00,0.000000000000000000e+00,6.938893903907228378e-18,9.452444325377550305e-01,1.319695392728239755e-02,8.536183568884830875e-03,0.000000000000000000e+00,-2.053513940571263102e-02
1.970637999999999863e+02,1.266737357305688594e+00,0.000000000000000000e+00,1.030236219783102203e-01,8.959456629069648126e-02,3.981119378877522763e+00,4.640401985516218186e-02,-6.938893903907228378e-18,0.000000000000000000e+00,6.938893903907228378e-18,9.500738182366651463e-01,1.302790631627466153e-02,8.264932982590664223e-03,0.000000000000000000e+00,-1.988947849006617030e-02
1.976512999999999920e+02,1.268453196103227931e+00,-2.775557561562891351e-17,9.944608835599488827e-02,8.807489459087478045e-02,3.966420436451566278e+00,2.092665395313042520e-02,0.000000000000000000e+00,0.000000000000000000e+00,0.000000000000000000e+00,9.239026966279627606e-01,1.265669999894540945e-02,8.307659847312243162e-03,0.000000000000000000e+00,-1.900966456646093622e-02
1.983369000000000142e+02,1.264731138328071491e+00,0.000000000000000000e+00,1.039630125092696755e-01,8.832862231714477819e-02,3.971866850758871248e+00,4.318697335730548037e-02,-6.938893903907228378e-18,0.000000000000000000e+00,0.000000000000000000e+00,9.487664572121712325e-01,1.318152026891192263e-02,8.381888496656320769e-03,0.000000000000000000e+00,-1.808327767213387810e-02
1.991706000000000074e+02,1.270607941801656926e+00,0.000000000000000000e+00,9.624751077693224910e-02,8.369433421828031960e-02,3.933411726574686629e+00,-1.073136407852015584e-02,0.000000000000000000e+00,0.000000000000000000e+00,0.000000000000000000e+00,8.961813317519746747e-01,1.249840962413548834e-02,8.365285482780482340e-03,0.000000000000000000e+00,-1.696986950700730967e-02
1.997658999999999878e+02,1.274755341688040833e+00,2.775557561562891351e-17,1.043910926159638403e-01,8.382378416879601724e-02,3.943991016549534656e+00,1.942387045598981121e-02,0.000000000000000000e+00,0.000000000000000000e+00,6.938893903907228378e-18,9.277574307662395103e-01,1.260113188895343322e-02,7.260305662921101577e-03,0.000000000000000000e+00,-1.510746826515053931e-02
